Project ID,Project,Project Manager,Organization,Region,Plan Start,Plan Finish, OD ,AD,BAC,Foreign,AC,ETC
A47845,Rehabilitation of Shahdara - Maqboolpura - Kala Khatai - Narang Mandi Road Length=34.11 Km in Tehsil Ferozewala District Sheikhupura,Communication & Works Department,Communication & Works Department,North Single,01/07/2022,30/06/2026,47,35,3515.73,0,3473.29,42.44
A31539,Construction of Residences for Judicial Officers at Faisalabad Headquarter,Communication & Works Department,Judiciary,North Single,01/07/2020,29/06/2026,71,59,1379.72,0,1320.08,59.64
A29732,Replacement of outlived water supply lines and tube wells in Multan,WASA Multan,HUD&PHED,South Single,01/07/2019,28/06/2025,71,71,1094.85,0,1030,64.85
A52500,"Construction of one Multistory Building for Residences Grade 11-14 for Staff Colony at Chauburji Garden Estate, Multan Road, Lahore",Communication & Works Department,S&GAD,North Single,07/09/2023,31/12/2026,39,21,1005,0,920,85
A59930,CM Initiative for Agro Forestry for Forest Waste Land,"Forestry, Wildlife & Fisheries","Forestry,WildLife,Fisheries",Punjab Based,01/07/2024,30/06/2027,35,11,1000,0,904.72,95.28
A28964,"Construction of building of Muhammad Nawaz Sharif University of Engineering & Technology, Multan","Communication & Works Department, Higher Education Department",Higher Education Department,South Single,01/07/2020,30/06/2026,71,59,1018.06,0,917.77,100.29
A34987,"Construction of Population Welfare House, Punjab ",Health & Population Department,Health & Population Department,Punjab Based,01/07/2021,30/06/2026,59,47,1172.07,0,1071.57,100.51
A01886,"Construction of Multan Metro Bus Project, Bus Depot and Command & Control Center (Pakage-9), Multan",MDA,"Transport & Masstransit Department, GoPb",South Single,19/02/2015,30/06/2025,124,124,2047.67,0,1942.67,105
A47572,Rehabilitation / Improvement of road from Bhowana to Aminpur road in District Chiniot Length 24.5 Km,Communication & Works Department,Government of Punjab,North Single,01/07/2022,30/06/2026,47,35,1224.97,0,1114.35,110.62
A47655,Rehabilitation of road from Chakwal Tehsil Chowk to Balkasar Interchange via Thoa Bhadar Length = 18.00 Km District Chakwal,Roads,Roads,North Single,01/07/2022,30/06/2026,47,35,1608.51,0,1496.53,111.98
A44478,"Construction of Court Complex at Depalpur, District Okara",Communication & Works Department,Judiciary,North Single,01/07/2022,29/06/2026,47,35,1636.57,0,1524.57,112
A02194,"Energy Efficiency & Conservation Programme (PGDP, DLI-5)","Energy Department, Punjab Energy Efficiency & Conservation Agency",Energy Department,Punjab Based,18/12/2020,30/06/2026,66,54,3615.02,0,3500,115.02
A40198,"Widening / Improvement of Khanewal road from Eid Gah chowk to Chowk Kumharan via Rasheedabad, Multan. ",MDA,HUD&PHED,South Single,26/11/2021,30/06/2028,79,43,1565.95,0,1438.51,127.44
A47610,"Rehabilitation of metalled road Sahiwal to Pakpattan Length 40.00 Km, District Sahiwal","Communication & Works Department, Roads","Communication & Works Department, Roads",North Single,01/07/2022,30/06/2026,47,35,4223.43,0,4091.87,131.57
A39808,Widening and Carpeting of metal road from Kotla Musa Khan to Kachi Mor and Flyover at Firdous Cinema Phatak Tehsil Ahmedpur East District Bahawalpur,Communication & Works Department,Government of Punjab,South Single,01/07/2021,30/06/2028,83,47,1011.5,0,866.98,144.53
A35544,Construction of Building at University of Chakwal (City Campus),Higher Education Department,Higher Education Department,North Single,21/10/2021,30/06/2026,56,44,1582.89,0,1432.04,150.85
A49371,"Re-Construction/ Construction of Road from Mianwali – D.I Khan Road at Chashma Lake to Allu Piplan Kallurkot Road i/c 4 Nos. Bridges (Old Sher Shah Soori Road), Length = 8.00 Km, District Mianwali",Roads,Roads,North Single,30/11/2022,30/06/2028,67,31,1405.99,0,1251.16,154.83
A55079,Construction of 313 Residences for Police Officers/ Official (BS 1-20) at Lahore (Phase-I),Communication & Works Department,Police Department,North Single,01/01/2024,31/12/2026,35,17,2941.35,0,2773.27,168.08
A24312,Addition / Alteration & Improvement Works in Government Colonies Lahore,Communication & Works Department,S&GAD,North Single,01/07/2023,30/06/2026,35,23,2295,0,2119.67,175.33
A45051,"Construction of Dual Carriageway from Bosan Road (saidanwala Chowk) to Head Muhammadwala , Length =11.68 Km, Distrcit Multan ",Communication & Works Department,Communication & Works Department,South Single,23/02/2022,30/06/2028,76,40,1612.53,0,1433.96,178.57
A30587,Establishment of Project Management Unit(PMU):Revamping work of DHQ/THQ Hospitals in the Punjab ,Health & Population Department,Health & Population Department,Punjab Based,17/07/2019,30/06/2025,71,71,1631.13,0,1449.27,181.87
A52522,Revamping of Lahore Zoo,"Communication & Works Department, Forestry, Wildlife & Fisheries, Wildlife","Forestry,WildLife,Fisheries, Wildlife",North Single,20/09/2023,30/06/2027,45,21,2034.65,0,1851.41,183.24
A56170,Rehabilitation of Sarai Alamgir Kotla Arab Ali Khan Jalal Pur Sobtian road Length 50.00 Km District Gujrat,Communication & Works Department,Communication & Works Department,North Single,01/09/2024,30/06/2026,21,9,1255.11,0,1066.08,189.03
A24328,"Addition / Alteration & Improvement Works in Office Buildings, Punjab Civil Secretariat, Lahore",Communication & Works Department,S&GAD,North Single,01/07/2023,30/06/2026,35,23,1108.73,0,918.65,190.08
A46458,Program for Provision of Missing Facilities in Newly Upgraded Colleges of Nursing in Punjab ,"Communication & Works Department, D.G Nursing Punjab",Specialized Healthcare and Medical Education Department,Punjab Based,01/07/2022,30/06/2026,47,35,2612.67,0,2411.79,200.88
A47658,"Rehabilitation & Carpeting of road from Chirah Chowk to Karore, Length 16 Km Tehsil Kotli Sattian District Rawalpindi. ",Roads,Roads,North Single,01/07/2022,30/06/2028,71,35,1377.95,0,1176.28,201.67
A47278,Program for Provision of Bio Medical and Non-Bio Medical Equipment in Tertiary Care Hospitals in Punjab,Specialized Healthcare and Medical Education Department,Specialized Healthcare and Medical Education Department,Punjab Based,01/07/2022,28/06/2025,35,35,1181.74,0,979.79,201.95
A44477,"Construction of Judicial Complex at District Headquarter, Chiniot",Communication & Works Department,Judiciary,North Single,01/07/2022,29/06/2026,47,35,2211,0,2008.69,202.31
A59685,Construction of Inter-Provincial Joint Check Posts (IPJCPs) in Punjab one at Attock Khurd District Attock,Communication & Works Department,Home Department,North Single,17/04/2024,30/06/2026,26,14,1004.22,0,789.53,214.69
A56190,"Rehabilitation / Improvement of Alternate Route to Sialkot Airport from Chand Bagh Society (Old Airport Road) to Sial Airport Including Link to Channi Gondal Chowk, Length 16.00 Km District Sialkot",Communication & Works Department,Government of Punjab,North Single,01/09/2024,30/06/2028,45,9,1086.07,0,870.19,215.88
A56120,Rehabilitation of Lilla Kandwal – Katha Sagral Tehsil P.D Khan (Phase-Ii) District Jhelum & Khushab,Communication & Works Department,Communication & Works Department,North Single,01/07/2024,30/06/2027,35,11,1137.39,0,909,228.39
A44502,"Construction of Judicial Complex at Ferozewala, District Sheikhupura",Communication & Works Department,Judiciary,North Single,01/07/2022,29/06/2026,47,35,1676.66,0,1443.18,233.48
A44394,"Construction of Bachelor accommodation and Judicial Rest House at Dharampura, District Lahore",Communication & Works Department,Judiciary,North Single,01/07/2022,29/06/2026,47,35,3687,0,3452.96,234.04
A56165,Rehabilitation of Gujranwala Alipur Qadirabad road (Alipur Chowk to Kalaske) Length 14 Km District Gujranwala,Communication & Works Department,Government of Punjab,North Single,01/07/2024,30/06/2028,47,11,1116.29,0,879,237.29
A37431,New Dhar Jawa Water Supply Scheme with new tourist spot IMP. Of Dhirkot Spring Water Supply Scheme Kotli Sattian & Augmentation of Water Supply / Drainage / Sewerage System at kahota Rawalpindi ,Water Supply & Sanitation,HUD&PHED,North Single,07/01/2021,30/06/2026,65,53,1070.53,0,832.2,238.32
A16486,"Construction of Dual Carriage way from Faisalabad Dry Port to Sahianwala Via Chak Jhumra, L= 18.90 km District Faisalabad",Communication & Works Department,Government of Punjab,North Single,01/07/2016,30/06/2026,119,107,1247.71,0,1005.58,242.13
A16411,"Repair / Rehabilitation of Road from Sillanwali to Chak No. 58/janubi via 119 More, 126/SB, Length 39.80 Km, District Sargodha",Communication & Works Department,Government of Punjab,North Single,01/07/2015,28/06/2028,155,119,1328.74,0,1056.57,272.17
A37944,"Comprehensive Sewerage, Drainage and water supply system in Gujrat City. ",Water Supply & Sanitation,HUD&PHED,North Single,07/01/2021,30/06/2026,65,53,1436.64,0,1158.5,278.14
A29792,Establishment of University of Chakwal,Higher Education Department,Higher Education Department,North Single,01/07/2020,30/06/2026,71,59,1543.99,0,1257.15,286.85
A36275,Establishment of University of Hafizabad,"Communication & Works Department, University of Hafizabad",Higher Education Department,North Single,01/07/2021,30/06/2026,59,47,1204.86,0,917.7,287.16
A58789,Restoration / Improvement of metalled Road from Northern Bypass from Saho Chowk (N-5) to Syedaan Wala Chowk Bosan Road District Multan Length = 9.00 Km.,"Communication & Works Department, Roads","Communication & Works Department, Roads",South Single,01/09/2024,30/06/2028,45,9,1027.52,0,713.39,314.13
A11467,"Establishment of Sports Complex Canal Bank near EME Society,Lahore(LDP).",LDA,HUD&PHED,North Single,01/07/2017,30/06/2028,131,95,1559.46,0,1243.18,316.28
A58793,Restoration / Improvement of Tibba Sultan Pur to Karam Pur via Mitroo Length: 44.00 District Vehari.,"Communication & Works Department, Roads","Communication & Works Department, Roads",South Single,01/07/2024,30/06/2027,35,11,1122.51,0,804.67,317.85
A56139,Rehabilitation of Old Klp road Sadiqabad ,Communication & Works Department,Communication & Works Department,South Single,01/04/2024,30/06/2028,50,14,1428.86,0,1102.4,326.46
A47831,"Carpet Road from Nowshera Virkan to Hafizabad via Nathu Siwiya, Buggay including khan musalman Bypass, length=31.22 Km",Communication & Works Department,Communication & Works Department,North Single,01/07/2022,30/06/2025,35,35,1292.93,0,962.8,330.13
A47254,Establishment of Hospital Management Information System and Queue Management Systems (PACS) in Hospitals of SHC&ME Department,Punjab Information Technology Board (PITB),Specialized Healthcare and Medical Education Department,Punjab Based,01/07/2022,30/06/2026,47,35,1674.05,0,1340.63,333.42
A47496,Rehabilitation of road from Phoolnagar (Old Multan Road) to Head Balloki length 9.50 Km in District Kasur.,Roads,Roads,North Single,01/07/2022,30/06/2028,71,35,1243.29,0,909.02,334.27
A11462,"Establishment of Sports Complex Singh Pura, Lahore (LDP).",LDA,HUD&PHED,North Single,01/07/2017,30/06/2028,131,95,1559.34,0,1223.98,335.37
A47505,"Rehabilitation of road from Nankana Sahib to Shahkot, Length 28.00 Km in District Nankana Sahib.",Roads,Roads,North Single,01/07/2022,30/06/2026,47,35,2325.07,0,1988.07,337.01
A11463,"Establishment of Sports Complex Model Bazar China Scheme, Lahore (LDP).",LDA,HUD&PHED,North Single,02/07/2017,30/06/2028,131,95,1261.47,0,923.98,337.49
A30164,"Dualization of Sialkot Pasrur Road, District Sialkot",Communication & Works Department,"Communication & Works Department, Government of Punjab",North Single,02/09/2019,29/06/2028,105,69,6494.73,0,6156.63,338.1
A56163,Rehabilitation / Improvement of Khushab Pail Chakwal road upto District Boundary Khushab.,Communication & Works Department,Government of Punjab,North Single,01/07/2024,30/06/2028,47,11,1013.51,0,675,338.51
A24313,"Addition / Alteration & Improvement Works in GORs, Lahore",Communication & Works Department,S&GAD,North Single,01/07/2023,30/06/2026,35,23,3400,0,3059.21,340.79
A46416,Integrated Farms Development in Punjab Barani Tract by ABAD,Agency for Barani Areas Development (ABAD),"Planning & Development Board, Punjab",Multiple Region,01/07/2022,30/06/2026,47,35,1000,0,656.6,343.4
A14231,"Multi Sectoral Nutrition Strategy for WASH Including Water Supply, Sanitation, Hygiene, Waste Water ",Water Supply & Sanitation,HUD&PHED,Punjab Based,01/07/2017,30/06/2026,107,95,1108.06,0,762.54,345.53
A58790,Restoration / Improvement of Road from Kabirwala Jhang Road upto District Boundary Khanewal Length = 47.00 Km (Taken Length = 40.00 Km) Tehsil Kabirwala District Khanewal.,"Communication & Works Department, Roads","Communication & Works Department, Roads",South Single,01/09/2024,30/06/2028,45,9,1644.94,0,1299,345.94
A37327,Land Acquisition & Utility Shifting for Dualization of Faisalabad - Chiniot - Sargodha Road (Length =67 Km) - Under PPP Mode,Roads,Communication & Works Department,North Single,10/05/2021,30/06/2026,61,49,3494.39,0,3127.25,367.14
A42788,"Establishment of 50 Bedded Mother and Child Hospital in Tehsil Kot Adu, District Muzaffargarh",Health & Population Department,Health & Population Department,South Single,01/07/2021,30/06/2023,23,47,1009.09,0,625.4,383.69
A59610,Chief Minister's Skilled Punjab Program,Punjab Skill Development Fund,Skill Development & Entrepreneurship Department,Punjab Based,01/07/2024,28/06/2027,35,11,1445.75,0,1060.4,385.35
A56137,Rehabilitation of road from Shahpur and Jhal Chakian to Bhalwal via Lak Morr Length (38.40+23.00) Total Length 61.40 Km in District Sargodha,Communication & Works Department,Communication & Works Department,North Single,01/04/2024,30/06/2028,50,14,4148.03,0,3758,390.03
A39646,Construction of Flyover at Rajjar Railway Crossing Sarai Alamgir District Gujrat,Communication & Works Department,Government of Punjab,North Single,01/07/2021,30/06/2028,83,47,1278.31,0,888.2,390.11
A56149,Rehabilitation / Improvement of Faisalabad - Jaranwala road At Makuana By-Pass to Syed Wala Okara road via Syed Wala Interchange Motorway M-3length = 45 Km,Communication & Works Department,Government of Punjab,North Single,01/07/2024,30/06/2028,47,11,2060.33,0,1659.53,400.81
A29722,Program to Uplift Water Supply & Sanitation Infrastructure in Underdeveloped Areas of Punjab.,Water Supply & Sanitation,HUD&PHED,Punjab Based,01/07/2019,30/06/2026,83,71,3608.64,0,3206.04,402.6
A35145,Construction of Gated Head Regulators from RD:205+000 to 283+000 of BRBD Link Canal,Irrigation,Irrigation,North Single,01/07/2021,13/08/2025,49,47,1125.87,0,716.13,409.74
A55622,Establishment of Model Agriculture Malls in Punjab (2024-25 to 2025-26),Agriculture Department,Agriculture Department,Multiple Region,01/04/2024,30/06/2026,26,14,1171.04,0,756,415.04
A37690,"City Uplift Package Minchinabad (Sewerage, Drainage, Water Supply, Street Lights, Road) Tehsil Minchanabad City, District Bahawalnagar ",Water Supply & Sanitation,HUD&PHED,South Single,07/01/2021,30/06/2026,65,53,1017.84,0,599.47,418.37
A04593,"Storm Water Drainage System from Haji Camp to River Ravi via Laxmi Chowk, McLeod Road, Nabha Road, Chauburji and Sham Nagar, Lahore.",WASA Faisalabad,HUD&PHED,North Single,20/10/2016,30/06/2027,128,104,4066.65,0,3647,419.66
A47507,Rehabilitation / Restoration of Sangla Hill-Safdarabad road Length = 14.05 Km in District Nankana Sahib.,Communication & Works Department,Government of Punjab,North Single,01/07/2022,30/06/2026,47,35,1218.48,0,791.16,427.31
A34413,Induction of Eco-Friendly Buses in Cities of Punjab (DLI-6 PGDP),"Punjab Transport Company (PTC), GoPb, Transport & Masstransit Department, GoPb","Transport & Masstransit Department, GoPb",North Single,03/11/2023,31/05/2026,30,19,4582.59,0,4151.78,430.81
A11458,Establishment of Sports Complex at Rakh Shahdra Lahore (LDP),LDA,HUD&PHED,North Single,01/07/2017,30/06/2028,131,95,1373.54,0,940.25,433.29
A58090,"CM Lahore Development Program, Gulberg Zone.",WASA Lahore,HUD&PHED,North Single,01/07/2024,30/06/2027,35,11,1200,0,764,436
A56167,Rehabilitation of Painsra Gojra T.T.Singh Shorkot Cantt road Including Gojra and T.T.Singh By-Pass,"Communication & Works Department, Roads","Communication & Works Department, Roads",North Single,01/07/2024,29/06/2027,35,11,2467.6,0,2030.68,436.92
A58523,"Restoration/ Improvement of Jhang Sahiwal Sargodha Road (Km No. 1.93 to 13.50 & 19.00 to 59.00), Length 51.57 Km, District Jhang",Communication & Works Department,Government of Punjab,North Single,01/07/2024,30/06/2027,35,11,1777.48,0,1328.09,449.4
A30442,Dualization / Improvement of Multan Mattital Road (length 21 Kms) District Multan,Communication & Works Department,"Communication & Works Department, Government of Punjab",South Single,02/09/2019,30/06/2028,105,69,2618.16,0,2166.3,451.87
A58814,Restoration / Improvement of Shahi Road upto Bahadurpur I/C Bypass at Khanpur and R.Y Khan Sec: Channigoth-R.Y.Khan,"Communication & Works Department, Roads","Communication & Works Department, Roads",South Single,01/09/2024,30/06/2028,45,9,2506.87,0,2028.38,478.49
A46554,"Establishment of Sports Complex NA-119,Lahore(LDP)",LDA,HUD&PHED,North Single,22/04/2022,30/06/2027,62,38,1316.06,0,836.06,480
A52523,Implementation of Master Plan of Safari Zoo Lahore,"Communication & Works Department, Forestry, Wildlife & Fisheries, PHA Lahore, Wildlife","Forestry,WildLife,Fisheries",North Single,20/09/2023,30/06/2027,45,21,2453.2,0,1968.91,484.29
A48939,"Rehabilitation / Improvement of Gujrat City Roads, District Gujrat",Communication & Works Department,Communication & Works Department,North Single,27/10/2022,30/06/2026,44,32,1190.34,0,698.03,492.31
A59938,"Rain Water Management - Drainage Arrangement for Sore Point at Tajpura B-Block, Lahore",WASA Lahore,HUD&PHED,North Single,01/07/2024,30/06/2027,35,11,1046.19,0,552,494.19
A28967,"Construction of building of Ghazi University, D.G.Khan",Ghazi University,Higher Education Department,South Single,01/07/2019,30/06/2026,83,71,1349.26,0,854.35,494.9
A58786,Restoration / Improvement of metalled Road from Southern Bypass from NLC Chowk (N-5) to Bahawalpur Chowk (N-70) Length = 15.80 Km (Taken Length = 15.65 Km) District Multan,"Communication & Works Department, Roads","Communication & Works Department, Roads",South Single,01/09/2024,30/06/2028,45,9,1517.02,0,1020,497.02
A55911,Remodeling of Jhika Gali Chowk,Communication & Works Department,Government of Punjab,North Single,23/09/2024,30/06/2028,45,9,1795.1,0,1297.2,497.9
A26215,Establishment of 200 Bedded Mother & Child Hospital in District Layyah,Infrastructure Development Authority Punjab (IDAP),"Federal Fund, Health & Population Department",South Single,15/03/2021,14/07/2025,51,51,5944.23,0,5444.23,500
A34175,Establishment of 200 Bedded Mother & Child Hospital in District Attock,Infrastructure Development Authority Punjab (IDAP),"Federal Fund, Health & Population Department",North Single,15/03/2021,14/07/2025,51,51,5320.01,0,4820.01,500
A11466,"Establishment of Sports Complex at Gurumangat Road NA-126, Lahore (LDP).",LDA,HUD&PHED,North Single,01/07/2017,30/06/2028,131,95,1871.14,0,1362.32,508.82
A04523,Construction of New Campus of Government Engineering Academy Punjab,Irrigation,Irrigation,North Single,04/04/2016,10/07/2025,111,110,1365.7,0,856.7,509
A42996,Program for Quality Seed Production and Dissemination (2021-22 to 2025-26),Agriculture Department,Agriculture Department,Punjab Based,01/07/2021,29/06/2026,59,47,1994.09,0,1480.3,513.79
A04707,Punjab Tourism For Economic Growth Project (PTEGP) - World Bank Assisted,"Planning & Development Board, Punjab","Planning & Development Board, Punjab",Punjab Based,10/10/2017,30/06/2025,92,92,8525,7750,8000,525
A00049,"Construction of Small Dams in District Chakwal Phase II (Dhok Hum, Mundi Dam, Dhok Jhang and Uthwal /Lakhwal Dam (Revised)",Irrigation,Irrigation,North Single,19/03/2010,31/07/2025,184,183,1496.08,0,971.01,525.07
A58682,Restoration / Improvement of Oudherwal Chowk to Chak Koka District Boundary ,Roads,Roads,North Single,15/08/2024,30/06/2028,46,10,1539.03,0,990,549.03
A32907,Baba Gurunanak University Nankana Sahib (Phase-I),"Communication & Works Department, Higher Education Department","Government of Punjab, Higher Education Department",North Single,23/02/2021,30/06/2026,64,52,2299.96,0,1741.16,558.81
A30284,"Rehabilitation / Improvement of Sewerage System, District Jhang (Phase-I)",Water Supply & Sanitation,HUD&PHED,North Single,31/05/2019,30/06/2026,84,72,1381.45,0,813.38,568.07
A56168,Rehabalitation of road from Ellahabad to Kanganpur via Shamkot Nau I/C Ellahabad Bypass road in District Kasur ,Roads,Roads,North Single,01/07/2024,30/06/2028,47,11,1750.62,0,1178,572.62
A47576,Rehabilitation of Khushab Muzaffar Garh road Km No. 70.70 to 134.80 (District boundary Khushab to Daal More) District Jhang,Roads,Roads,North Single,01/07/2022,30/06/2026,47,35,2967.82,0,2387.12,580.7
A35742,"Rehabilitation of Road from Qila Dedar Singh to Sheikhupra Road Ghuman Wala, Gujranwala.",GDA,HUD&PHED,North Single,07/10/2021,30/06/2028,80,44,1431.91,0,850.33,581.58
A52130,"Construction of Parking Plaza at Lahore High Court, Multan Bench, Multan",Communication & Works Department,Judiciary,South Single,31/05/2023,29/06/2026,36,24,1580.1,0,993.73,586.37
A56166,Rehabilitation of Jhang T.T.Singh Chichawatni Burewala Road,Roads,Roads,North Single,31/08/2024,30/06/2027,33,9,1560,0,964.51,595.49
A57387,Establishment of Day Care Centers through Punjab Day Care Fund Society,Women Development Department,Women Development Department,Punjab Based,10/05/2024,30/06/2027,37,13,1000,0,400,600
A34477,Establishment of Surgical City at Sialkot.,Punjab Small Industries Corporation (PSIC),"Industries, Commerce & Investment",North Single,01/07/2021,30/06/2026,59,47,1721.73,0,1109.61,612.12
A22167,Project Readiness Financing Facility for Punjab Water Resources Management,"Industries, Commerce & Investment",Irrigation,Punjab Based,21/02/2020,30/07/2025,65,64,1276.32,1232,650.99,625.33
A59892,"Provision of Wheel Chairs, Prosthetics, Hearing Aids, and other such Assistive Devices to PWDs",Social Welfare and Bait-ul-Maal Department,Social Welfare and Bait-ul-Maal Department,Punjab Based,01/07/2024,30/06/2026,23,11,1000,0,370,630
A52584,"Rain Water Management - Drainage Arrangement for Sore Pint at Nishtar Park Sports Complex (Qaddafi Stadium), Lahore",WASA Lahore,HUD&PHED,North Single,01/11/2023,30/06/2026,31,19,2031.58,0,1400,631.58
A17475,"Widening / improvement of single road from Noorpur Thal to Jhang Road, length=55.00 Km via Daduwala, Shah Hussain, Tehsil Noorpur Thal, District Khushab",Communication & Works Department,Communication & Works Department,North Single,01/07/2017,30/06/2028,131,95,1343.85,0,706.11,637.74
A44516,"Construction of Bridge and Approach Road to Parking at Lahore High Court, Rawalpindi Bench, Rawalpindi",Roads,Judiciary,North Single,01/07/2022,29/06/2027,59,35,1322.39,0,675,647.39
A58097,"CM Lahore Development Program, Shalimar Zone.",WASA Lahore,HUD&PHED,North Single,30/09/2024,30/06/2026,21,9,1700,0,1047,653
A46747,"Construction of Flyover Railway Line Tughlaq Town, District Multan",Roads,Communication & Works Department,South Single,13/05/2022,30/06/2028,73,37,1437.33,0,783.26,654.07
A39636,Construction of Service More Flyover to connect with Industrial Area-II Gujrat link road in District Gujrat,Communication & Works Department,Government of Punjab,North Single,01/07/2021,30/06/2028,83,47,2463.58,0,1805.6,657.98
A47476,"Widening / Improvement of Manga Raiwind Road, Length 18.00 Km.",Communication & Works Department,Government of Punjab,North Single,01/07/2022,30/06/2026,47,35,2609.29,0,1939.95,669.34
A00130,"Establishment of Fatima Jinnah Institute of Dental Sciences, Jubilee Town, Lahore","Communication & Works Department, Punjab Information Technology Board (PITB)",Specialized Healthcare and Medical Education Department,North Single,01/04/2013,30/06/2026,158,146,4480.58,0,3801.19,679.39
A46102,Concrete Lining of Irrigation Channels to Improve Water Delivery Performance & Conveyance Efficiency-II,Irrigation,Irrigation,Punjab Based,01/07/2022,30/06/2026,47,35,1800,0,1120.46,679.55
A56323,"GIS Based Protection Regime and Establishment of Digital Communication Cell in Forestry, Wildlife and Fisheries Department","Forestry, Wildlife & Fisheries","Forestry,WildLife,Fisheries",Punjab Based,01/07/2024,30/06/2027,35,11,1200,0,505.51,694.49
A04508,Construction of Flood Bund along River Indus from Rakh Bagh Wala to Bait Wagwar Kot Mithan District Rajanpur RD 0-275,Irrigation,Irrigation,South Single,13/12/2016,31/07/2025,103,102,1645.94,0,946.3,699.63
A00008,"Construction of Small Dams in District Attock Phase II Shahbazpur, Tajabara and Sadrial Dams (Revised)",Irrigation,Irrigation,North Single,19/11/2007,31/07/2025,212,211,1168.58,0,457.02,711.56
A64843,Rainwater Harvesting Project for Murree District ,LG&CD Department,LG&CD Department,North Single,07/10/2024,30/06/2026,20,8,1163.36,0,442.32,721.04
A00968,"Establishment of Govt. General Hospital at Chak No.224/RB, Faisalabad.","District Health Authority, Health & Population Department, Provincial Buildings Division",Health & Population Department,North Single,03/06/2015,30/06/2025,120,120,2421.43,0,1662.35,759.09
A32435,Transforming the Indus Basin with Climate Resilient Agriculture and Climate-Smart Water Management (2022-23 to 2027-28) ,Agriculture Department,Agriculture Department,South Single,01/07/2020,29/06/2028,95,59,1392,0,626.4,765.6
A56127,Rehabilitation of Rawalpindi Murrree Kashmir road (17-Mile to Sunny Bank).,Communication & Works Department,Communication & Works Department,North Single,01/07/2024,30/06/2028,47,11,1281.08,0,514,767.08
A56148,Rehabilitation / Improvement of road from Bhera Malikwal Shahpur Sahiwal road Section Jhawarian to Shahpur Length 18.50 Km District Sargodha,Communication & Works Department,Government of Punjab,North Single,01/07/2024,30/06/2028,47,11,1481.19,0,713,768.19
A56152,"Rehabilitation / Improvement of road from Soon to Barohi, Tehsil Kahuta, District Rawalpindi.",Communication & Works Department,Communication & Works Department,North Single,10/09/2024,30/06/2028,45,9,1194.91,0,424,770.91
A01803,"Addition/alteration to Lahore High Court, Lahore ",Provincial Buildings Division,Judiciary,North Single,01/07/2014,29/06/2028,167,131,2000,0,1221.95,778.05
A59722,Construction of Inter-Provincial Joint Check Post (IPJCPs) in Punjab one at Dajal (Punjab – KPK) District Bhakkar.,"Communication & Works Department, Home Department",Home Department,North Single,01/07/2024,30/12/2026,29,11,1176,0,396.1,779.9
A31658,"Construction of District Jail, Nankana Sahib (NRP)",Communication & Works Department,Home Department,North Single,01/03/2021,29/06/2025,51,51,2238.17,0,1455.73,782.44
A39577,Construction of Byepass from Dhounkal More to Sohdra Wazirabad (Length= 8.10 km) Tehsil Wazirabad District Gujranwala (Punjab Roads & Bridges),Communication & Works Department,Government of Punjab,North Single,01/07/2021,30/06/2028,83,47,1393.55,0,593.42,800.13
A07189,Upgradation and Environmental Improvement of Chungi No. 09 Disposal Station Multan.,WASA Multan,HUD&PHED,South Single,24/12/2021,30/06/2027,66,42,3432.84,0,2630.63,802.22
A59924,Chief Minister Population Management and Family Planning Program,Health & Population Department,Health & Population Department,Punjab Based,31/08/2024,31/12/2025,16,9,1000,0,173.63,826.37
A24630,PPIC3 Faisalabad,"Communication & Works Department, Punjab Information Technology Board (PITB), Punjab Safe Cities Authority (PSCA)",Police Department,North Single,06/01/2017,30/12/2025,107,101,4215.6,0,3375.27,840.34
A59929,CM Punjab Green Credit Program,Environment Protection & Climate Change Department,Environment Protection & Climate Change Department,Punjab Based,01/07/2024,30/06/2026,23,11,1000,0,151.2,848.8
A59876,"Rehabilitation / Improvement of Roads, Streets (P.C.C.), Sewerage / Drainage and M&R of Street Lights, Samanabad Zone MC Lahore",Metropolitan Corporation Lahore,LG&CD Department,North Single,01/07/2024,30/06/2026,23,11,1251,0,400,851
A58390,Restoration / Improvement of Road from Lahore Sargodha Road (Khanqah Dogran to District Boundary) Length = 9.50 Km in Tehsil Safdarabad District Sheikhupura,Communication & Works Department,Government of Punjab,North Single,01/07/2024,30/06/2027,35,11,1106.36,0,255,851.36
A03293,Enhanced HIV / AIDS Control Programme Punjab (3 Years) (Phase-II),"Directorate General Health Services Punjab, Health, Health & Population Department",Health & Population Department,Punjab Based,01/07/2016,30/06/2026,119,107,3829.87,0,2976.34,853.53
A29843,"Re-construction of Old P&D Building, Lahore",S&GAD,S&GAD,North Single,01/07/2023,30/06/2026,35,23,5867.61,0,5000,867.61
A47271,Introduction of Hospital Waste Management Regime in Tertiary Care Hospitals in Punjab,Specialized Healthcare and Medical Education Department,Specialized Healthcare and Medical Education Department,Punjab Based,01/07/2022,30/06/2026,47,35,1569.48,0,701.3,868.18
A56135,Rehabilitation of Adyala road from Khawaja Corporation to Gorukhpur,Communication & Works Department,Communication & Works Department,North Single,01/07/2024,30/06/2028,47,11,1626.01,0,722,904.01
A44463,Construction of Judicial Complex (Courts Block) at District Headquarter Muzaffargarh,Communication & Works Department,Judiciary,South Single,01/07/2022,29/06/2026,47,35,2135.89,0,1225.61,910.29
A59564,Strengthening and Capacity Building of Wildlife Department for Conservation of Wildlife in Punjab,Wildlife,"Forestry,WildLife,Fisheries",Punjab Based,01/07/2024,30/06/2027,35,11,1000,0,87,913
A11979,"Construction of Building of Women University, Sialkot on acquired piece of land at Sialkot",Higher Education Department,Higher Education Department,North Single,10/02/2017,30/06/2026,112,100,2946.89,0,2018.29,928.6
A65479,"Construction of Flyover at GT Road - Chan Da Qila Chowk, District Gujranwala",Communication & Works Department,Government of Punjab,North Single,30/11/2024,30/06/2028,43,7,1735.36,0,800,935.36
A29829,"Punjab Cities Programme, TA Component",LG&CD Department,World Bank,Multiple Region,01/07/2019,31/03/2026,80,71,3058,3058,2120,938
A58277,"Revamping of Old Blocks of Punjab Institute of Mental Health, Lahore ","Communication & Works Department, Specialized Healthcare and Medical Education Department",Specialized Healthcare and Medical Education Department,North Single,01/07/2024,30/06/2026,23,11,2037.57,0,1098.41,939.16
A36631,Rehabilitation / Construction of office/residential complex for the newly created Zones / Circles / Divisions/ Sub divisions,Irrigation,Irrigation,Multiple Region,01/07/2021,30/07/2025,48,47,1100.07,0,160,940.07
A58021,Replacement Of Outlived Trunk Sewer From Shouq Chowk To Shaukat Khanam At Main Khayaban E Firdousi Johar Town Lahore. ,WASA Lahore,HUD&PHED,North Single,30/09/2024,30/06/2027,33,9,1900,0,940,960
A58970,Establishment of Cath Labs at selected DHQs and developing Allied facilities in existing buildings,Health & Population Department,Health & Population Department,Punjab Based,01/07/2024,31/12/2026,29,11,2090.26,0,1117.44,972.82
A65527,"Upgradation and Rehabilitation of Pumping Station No.34 and Installation of 36” HDPE Forcemain in Samanabad, Faisalabad",WASA Faisalabad,HUD&PHED,North Single,06/12/2024,30/06/2027,30,6,1048,0,70,978
A57003,Livestock Asset Transfer to Rural Women in South Punjab ,Livestock & Dairy Development Department,Government of Punjab,Multiple Region,01/07/2024,30/06/2026,23,11,2000,0,1000,1000
A42817,"Up-gradation of DHQ Hospital Bhakkar, District Bhakkar ",Health & Population Department,Health & Population Department,North Single,01/07/2021,30/06/2025,47,47,1525.87,0,514.12,1011.75
A44513,"Construction of New Administration Block at Lahore High Court, Multan Bench, Multan",Communication & Works Department,Judiciary,South Single,01/07/2022,29/06/2026,47,35,2080.25,0,1068.47,1011.78
A58520,"Restoration/ Improvement of Jhang Shorkot Kabirwala Road from Aliabad Bypass to District Boundary Jhang, Length = 64.40 Km, District Jhang",Communication & Works Department,Government of Punjab,North Single,01/07/2024,30/06/2027,35,11,3647.06,0,2626.37,1020.69
A51217,"Establishment of Excellence Hub(s) in the field of Renewable Energy – (KFW Development Bank, Germany Assisted Project in TEVTA Punjab)",Skill Development & Entrepreneurship Department,Skill Development & Entrepreneurship Department,North Single,01/07/2022,29/06/2026,47,35,1117.4,844,49.43,1067.97
A28867,"Dualization of Muzaffargarh Road (Jauharabad – Chowk Girote), Length 25 Km, District Khushab",Communication & Works Department,Communication & Works Department,North Single,01/07/2019,30/06/2028,107,71,3460.09,0,2390.6,1069.49
A65526,"Providing and Laying Trunk Sewer from Model Bazar Jhang Road to Dijkot Drain Disposal & Improvement of Sewerage System in Saifabad, Faisalabad",WASA Faisalabad,HUD&PHED,North Single,06/12/2024,06/12/2027,36,6,1199.48,0,100,1099.48
A56115,Rehabilitation of Sarai Chowk to Arra Rawal Road.,Communication & Works Department,Communication & Works Department,North Single,15/08/2024,30/06/2028,46,10,1654.34,0,532,1122.34
A00989,"Flood Protection of Sialkot against Aik, Bhed, and Palkhu Nullah",Irrigation,Irrigation,North Single,10/06/2015,30/06/2026,132,120,4787.15,0,3643.68,1143.47
A56117,Rehabilitation of That Pail road Km no.167 to 172 & from Km no.193-228.,Communication & Works Department,Government of Punjab,North Single,30/09/2024,30/06/2028,45,9,2070.65,0,925,1145.65
A52529,Consultancy Services for Monitoring of Development Projects / Program in Irrigation Department.,Irrigation,Irrigation,North Single,01/07/2023,30/06/2026,35,23,"1,352.69",0,200,1152.69
A24631,PPIC3 Gujranwala ,"Communication & Works Department, Punjab Information Technology Board (PITB), Punjab Safe Cities Authority (PSCA)",Police Department,North Single,06/01/2017,30/12/2025,107,101,4182.55,0,3009.55,1173
A59117,"Rehabilitation of Comprehensive Water Supply Scheme Raiwind, District Lahore",HUD&PHED,Water Supply & Sanitation,North Single,01/07/2024,30/06/2026,23,11,1388.2,0,200,1188.2
A56164,"Rehabilitation of Jhang Bhakkar road from Mallu More to Bharairhi Km no. 231.00 to 272.00, Length 41.00 Km, District Jhang",Roads,Roads,North Single,01/07/2024,30/06/2026,23,11,3200,0,2000.73,1199.28
A47199,Establishment of Cadet College at District Multan,Communication & Works Department,School Education Department,South Single,01/07/2022,30/06/2026,47,35,1678.67,0,461.92,1216.75
A11426,Construction of Mujahid Dam District Rawalpindi,Irrigation,Irrigation,North Single,07/09/2009,30/06/2026,201,189,1790.17,0,572.06,1218.1
A59563,"Establishment of State of the Art Wildlife Hospital at Safari Zoo, Lahore","Communication & Works Department, Infrastructure Development Authority Punjab (IDAP), Wildlife","Forestry,WildLife,Fisheries",North Single,01/07/2024,30/06/2027,35,11,1473.73,0,253.05,1220.68
A59116,"Rehabilitation / Augmentation of Comprehensive Sewerage Drainage Scheme Raiwind City, District Lahore (Phase-I)",HUD&PHED,Water Supply & Sanitation,North Single,01/07/2024,30/06/2026,23,11,1484.61,0,250,1234.61
A59880,"Rehabilitation / Improvement of Roads, Streets (P.C.C.), Sewerage / Drainage and M&R of Street Lights, Shalamar Zone MC Lahore",LG&CD Department,LG&CD Department,North Single,27/11/2024,30/06/2026,19,7,2836,0,1600,1236
A30169,"Construction of Flyover at Nadirabad Phatak to Industrial Estate , Multan.",Communication & Works Department,Roads,South Single,04/02/2020,30/06/2028,100,64,5377.16,0,4114.32,1262.85
A45110,Construction of River Training Works for protection of LMB Qadirabad Barrage,Irrigation,Irrigation,North Single,01/07/2022,30/06/2026,47,35,1399.16,0,125,1274.16
A06958,"Addition / Alteration to Lahore High Court, Bahawalpur, Multan & Rawalpindi Benches",Communication & Works Department,Judiciary,Multiple Region,01/07/2017,28/06/2028,131,95,2375.26,0,1100,1275.26
A56591,Chief Minister Wildlife Rescue Force,"Communication & Works Department, Infrastructure Development Authority Punjab (IDAP), Wildlife","Forestry,WildLife,Fisheries",Multiple Region,01/07/2024,30/06/2027,35,11,2016.08,0,728.92,1287.16
A60018,"Construction of Flyover at Khawaja Corporation at Adyala Road, District Rawalpindi.",Communication & Works Department,Government of Punjab,North Single,01/07/2024,30/06/2027,35,11,3407.31,0,2113,1294.31
A11468,Establishment of Sports Complex Kahna Lahore (LDP).,LDA,HUD&PHED,North Single,01/07/2017,30/06/2027,119,95,2295.84,0,985.78,1310.06
A59561,Immersive Wildlife Experience (cinema and moving theatre) in Punjab ,Wildlife,"Forestry,WildLife,Fisheries",North Single,01/07/2024,30/06/2027,35,11,1719.88,0,400,1319.88
A00454,Construction of Tamman Dam,Irrigation,Irrigation,North Single,16/10/2014,30/07/2025,129,128,4232.8,0,2906.93,1325.86
A45369,"Construction Of Green Building for EMC, EPD and Allied New Entities Established Under PGDP (DLI-2, PGDP)",Infrastructure Development Authority Punjab (IDAP),Environment Protection & Climate Change Department,North Single,01/07/2022,30/06/2026,47,35,3723.93,0,2378,1345.93
A45909,Providing River Training Works for protection of Link 1 in DG Khan,Irrigation,Irrigation,South Single,01/07/2022,30/06/2026,47,35,1464.71,0,116.9,1347.82
A59926,Establishment of Garment Cities in Punjab,"Communication & Works Department, Energy Department, Forestry, Wildlife & Fisheries, Punjab Industrial Estates Development & Management Company (PIEDMC), Technical Education & Vocational Training Authority (TEVTA)","Industries, Commerce & Investment",North Single,01/07/2024,29/06/2026,23,11,3877.86,0,2524.44,1353.42
A58363,Revival of Citrus Sector in Punjab (2024-25 to 2027-28),Agriculture Department,Agriculture Department,North Single,26/03/2025,30/06/2028,39,3,1432.04,0,64,1368.04
A24316,Renewable Energy Development Sector Investment Programme (REDSIP),Energy Department,Energy Department,North Single,07/11/2013,30/06/2026,151,139,12861,0,11478.81,1382.19
A08295,Ten Billion Tree Tsunami Programme (Phase-1) Up-scaling of Green Pakistan Programme (Revised),"Communication & Works Department, Fisheries, Forestry, Wildlife","Federal Fund, Government of Punjab",Punjab Based,01/07/2016,30/06/2025,107,107,2945.3,0,1554.28,1391.02
A02309,Rehabilitation of Trimmu Sidhnai Link Canal,Irrigation,Government of Punjab,North Single,20/10/2015,31/07/2025,117,116,2225.81,0,833.36,1392.46
A56339,Minority Development Fund,"Communication & Works Department, HUD&PHED, LG&CD Department",Human Rights & Minority Affairs,Punjab Based,01/07/2024,30/06/2025,11,11,2500,0,1100,1400
A56232,"Construction of Judicial Complex at Gujjar Khan, District Rawalpindi",Communication & Works Department,Judiciary,North Single,01/07/2024,30/06/2028,47,11,1459.65,0,50,1409.65
A37225,Institutional Strengthening of P&D Board and Capacity Building of Public Sector Employees,"Planning & Development Board, Punjab, Punjab Resource Management & Policy Unit (PRMPU)","Planning & Development Board, Punjab",North Single,01/07/2021,29/06/2026,59,47,2637.01,0,1177.65,1459.36
A29781,Construction of Punjab Judicial Academy at Kala Shah Kaku Lahore (Phase-II),Communication & Works Department,Law & Parliamentary Affairs,North Single,01/07/2019,30/06/2025,71,71,3323.77,0,1847.98,1475.79
A11469,Establishment of Sports Complex Shalamar Lahore (LDP).,LDA,HUD&PHED,North Single,01/07/2017,30/06/2027,119,95,2562.76,0,1068.54,1494.22
A58094,"CM Lahore Development Program, Samanabad Zone.",WASA Lahore,HUD&PHED,North Single,30/09/2024,30/06/2027,33,9,3050,0,1432,1618
A55463,"Construction of Parking Plaza along with Offices at Lahore High Court, Rawalpindi Bench, Rawalpindi",Communication & Works Department,Judiciary,North Single,10/10/2023,29/06/2026,32,20,1972.17,0,300,1672.17
A56162,Rehabilitation of G.T road from Chan Da Qila to Aziz Cross Chowk in Gujranwala City Length 12.75 Km District Gujranwala,Communication & Works Department,Communication & Works Department,North Single,01/04/2024,30/06/2028,50,14,5729.35,0,4046,1683.35
A24627,PPIC3 Rawalpindi ,"Communication & Works Department, Punjab Information Technology Board (PITB), Punjab Safe Cities Authority (PSCA)",Police Department,North Single,01/04/2017,30/12/2025,104,98,5251.29,0,3537.78,1713.51
A07434,Extension and Rehabilitation of Qutab Drain,Irrigation,Irrigation,South Single,01/07/2017,31/07/2025,96,95,3620.17,0,1902.33,1717.84
A56305,Establishment of Eco Tourism Facility at Lal Suhanra National Park as per International best practices (Conservation of Desert Ecosystem),Forestry,"Forestry,WildLife,Fisheries",South Single,01/07/2024,29/06/2026,23,11,2000,0,265.26,1734.74
A32962,"Enhanced Air Quality Monitoring System In Punjab (DLI-2, PGDP) ",Environment Protection & Climate Change Department,Environment Protection & Climate Change Department,Punjab Based,01/07/2021,30/06/2025,47,47,5205.3,0,3398.5,1806.8
A33884,"Enhanced Water Quality Monitoring System In Punjab (DLI-2, PGDP)",Environment Protection & Climate Change Department,Environment Protection & Climate Change Department,Punjab Based,01/07/2020,30/06/2024,47,59,2972.72,0,1144.9,1827.82
A56229,Construction of Judicial Complex at District Headquarter Jhang,Communication & Works Department,Judiciary,North Single,01/07/2024,30/06/2028,47,11,2142.68,0,250,1892.68
A56183,Rehabilitation of Okara (Satghara More) to Syedwala Bridge via Satghara. ,Communication & Works Department,Communication & Works Department,North Single,01/04/2024,30/06/2026,26,14,2453.52,0,555,1898.52
A59988,Rehabilitation / Improvement of Pail Chowk to Uchali Road Length=55 KM District Khushab ,Communication & Works Department,Government of Punjab,North Single,01/07/2024,30/06/2028,47,11,3091.38,0,1100,1991.38
A65920,"Construction of Administrative Tower-A at Old P&D Building site, Lahore",Infrastructure Development Authority Punjab (IDAP),S&GAD,North Single,01/04/2025,30/06/2027,26,2,4020.4,0,2000,2020.4
A67295,Construction of Punjab Revenue Authority (PRA) Headquarter,"Infrastructure Development Authority Punjab (IDAP), Public Buildings",Finance Department,North Single,14/03/2025,30/06/2026,15,3,4023,0,2000,2023
A29803,Project Readiness Financing (PRF) for Punjab Provincial Projects- Punjab Intermediate Cities Improvement Investment Program (PHASE-II),LG&CD Department,LG&CD Department,Multiple Region,30/11/2020,28/06/2025,54,55,4625.52,3855,2531,2094.52
A65819,"Construction of Additional Carriageway (Dehli-Multan Road) from babar Chowk to Drammawala Morr, Length=19.20 Km ",Communication & Works Department,Communication & Works Department,South Single,17/12/2024,30/06/2028,42,6,3108,0,1000,2108
A35568,Koh-E-Suleman Improvement Project (KSIP),"Planning & Development Board, Punjab","Planning & Development Board, Punjab",South Single,01/07/2021,30/06/2026,59,47,5712,0,3573.03,2138.97
A57896,Program for Revamping of RHCs (Phase-II),"Communication & Works Department, Health & Population Department",Health & Population Department,Punjab Based,01/07/2024,30/06/2026,23,11,4288.96,0,2144.48,2144.48
A52466,"Rehabilitation and Development of Qila Kohna Qasim Bagh (QKQB) for the Promotion of Tourism and Preservation of Tangible and Intangible Heritage, Multan",Walled City of Lahore Authority,LG&CD Department,South Single,13/11/2023,29/06/2026,31,19,2781.41,0,400,2381.41
A47203,Punjab Family Planning Program (Technical Assistance Component),Health & Population Department,Health & Population Department,Punjab Based,01/07/2023,30/06/2027,47,23,4282.35,4282,1885.05,2397.3
A47609,Rehabilitation / Improvement of Lahore Jaranwala road Length 99.00 Km District Sheikhupura.,Roads,Roads,North Single,01/07/2022,30/06/2026,47,35,6995.51,0,4579.31,2416.2
A34010,Extension of Colony Protection Bund of Marala Barrage and Realignment of Tunnelwah Nullah in Sialkot District,Irrigation,Irrigation,North Single,01/07/2020,30/06/2026,71,59,3162.29,0,708,2454.29
A34471,"Provision of Infrastructural, Academic and Operational Facilities to the Punjab University of Technology, Rasul, M.B.Din ",Communication & Works Department,Commerce & Investment,North Single,01/07/2021,29/06/2026,59,47,7525.54,0,5049.41,2476.13
A46285,Punjab affordable Housing Project (TA Component),Punjab Housing and Town Planning Agency (PHATA),HUD&PHED,Punjab Based,02/03/2023,13/06/2028,63,27,3000,3000,513.58,2486.42
A59884,"Rehabilitation / Improvement of Roads, Streets (P.C.C.), Sewerage / Drainage and M&R of Street Lights, Nishtar-II Zone, MC Lahore",LG&CD Department,LG&CD Department,North Single,01/07/2024,29/06/2026,23,11,4000,0,1500,2500
A55629,Smart Safe Cities for 19 Districts (Phase II),Punjab Safe Cities Authority (PSCA),Police Department,Multiple Region,01/07/2024,30/06/2025,11,11,5645.91,0,3087.2,2558.71
A55924,"Nawaz Sharif Institute of Cardiology, Sargodha ",Infrastructure Development Authority Punjab (IDAP),Specialized Healthcare and Medical Education Department,North Single,01/07/2024,31/01/2026,18,11,8568.21,0,6000,2568.21
A56111,"Rehabilitation of Sahiwal Arifwala road upto District Boundary, Length = 27.00 Km, in District Sahiwal.",Communication & Works Department,Government of Punjab,North Single,01/07/2024,30/06/2026,23,11,5334.12,0,2708,2626.12
A30179,"Dualization of Lodhran Kheror Pacca, Malsi Vehari Road District Lodhran (Phase-II) Remaining 20 Km",Communication & Works Department,"Communication & Works Department, Government of Punjab",South Single,02/09/2019,29/06/2028,105,69,4242.28,0,1607.82,2634.46
A56209,"Construction of Residences for Officials (Grade 1-10) of Lahore High Court at Harbanspura, Lahore",Communication & Works Department,Judiciary,North Single,01/07/2024,30/06/2027,35,11,2672.08,0,10,2662.08
A52129,"Construction of New Courts Blocks at the Site of old Administration Block at Lahore High Court, Lahore",Communication & Works Department,Judiciary,North Single,31/05/2023,29/06/2027,48,24,5671.38,0,2945,2726.38
A58093,"CM Lahore Development Program, Data Gunj Baksh Zone.",WASA Lahore,HUD&PHED,North Single,30/09/2024,31/12/2026,27,9,4700,0,1945,2755
A29674,Establishment of University of Child Health Sciences at Lahore ,Infrastructure Development Authority Punjab (IDAP),Specialized Healthcare and Medical Education Department,North Single,01/07/2021,29/06/2026,59,47,4265.75,0,1500,2765.75
A59875,"Rehabilitation / Improvement of Roads, Streets (P.C.C.) and M&R of Street Lights, Data Gunj Buksh Zone MC Lahore",LG&CD Department,LG&CD Department,North Single,01/07/2024,30/06/2026,23,11,3677,0,900,2777
A40989,Umbrella PC-I for provision of land Acquisition / Compensation of structure and PST pertaining to PSDP funded schemes.,Communication & Works Department,Government of Punjab,South Single,01/07/2021,30/06/2026,59,47,9816.48,0,7011.65,2804.83
A45713,"Jinnah Institute of Cardiology, Lahore",Infrastructure Development Authority Punjab (IDAP),Specialized Healthcare and Medical Education Department,North Single,17/03/2022,29/06/2026,51,39,8837.53,0,6016.08,2821.46
A56116,Rehabilitation of Talagang – Kallar Kahar – Choa Saiden Shah Road.,Communication & Works Department,Communication & Works Department,North Single,15/08/2024,30/06/2028,46,10,5163.44,0,2287,2876.44
A36391,"Establishment of Emergency and OPD Block Teaching Hospital, DG Khan ","Communication & Works Department, DG Khan Medical College",Specialized Healthcare and Medical Education Department,South Single,01/07/2021,29/06/2026,59,47,4035.18,0,1111.57,2923.61
A34257,Establishment of 200 Bedded Mother & Child Hospital in District Bahawalnagar,Infrastructure Development Authority Punjab (IDAP),"Federal Fund, Health & Population Department",South Single,01/03/2021,30/06/2025,51,51,6385.33,0,3375.34,3010
A34447,Extension of District Courts Complex Multan,"Communication & Works Department, Infrastructure Development Authority Punjab (IDAP)",Judiciary,South Single,10/02/2022,30/06/2027,64,40,5624.02,0,2448.45,3175.56
A56114,Rehabilitation / Improvement of road from Fatehjang to Pidigheb road via Dhullian Km 13 to 57.50 Length = 44.50 Tehsil Fatehjang & Pindigheb District Attock,Communication & Works Department,Communication & Works Department,North Single,20/09/2024,27/09/2028,48,9,4703.32,0,1451,3252.32
A52357,"Re-construction of Lady Willingdon Hospital, Lahore","Infrastructure Development Authority Punjab (IDAP), King Edward Medical University",Specialized Healthcare and Medical Education Department,North Single,21/08/2023,30/06/2026,34,22,7508.45,0,4173,3335.45
A58092,"CM Lahore Development Program, Ravi Zone-II.",WASA Lahore,HUD&PHED,North Single,30/09/2024,30/06/2026,21,9,7000,0,3625,3375
A28143,"Establishment of Tertiary Care Hospital (Nishtar -II), Multan ",Infrastructure Development Authority Punjab (IDAP),Specialized Healthcare and Medical Education Department,South Single,01/07/2019,30/06/2026,83,71,13368.64,0,9992.6,3376.04
A65455,Punjab Smog Mitigation And Response Initiative – Air Safe,Environment Protection & Climate Change Department,Environment Protection & Climate Change Department,Punjab Based,14/11/2024,30/06/2026,19,7,5381,0,2000,3381
A33405,"Establishment of Mother & Child Block, Teaching Hospital, DG Khan ","Communication & Works Department, DG Khan Medical College",Specialized Healthcare and Medical Education Department,South Single,01/07/2020,30/06/2026,71,59,4463.76,0,1081.94,3381.82
A65564,"Revamping of Bansara Gali Zoological Garden, Murree","Forestry, Wildlife & Fisheries","Forestry,WildLife,Fisheries",North Single,01/07/2024,30/06/2027,35,11,3915.6,0,474.08,3441.52
A29597,Heritage and Urban Regeneration in Lahore Fort (AFD Funded),LG&CD Department,LG&CD Department,North Single,07/07/2022,06/07/2027,59,35,4036.59,3663,540,3496.59
A23753,PC-1 for Remaining Land Acquisition for GTC Project,Irrigation,Irrigation,Multiple Region,01/07/2018,31/07/2025,84,83,8171.03,0,4642.2,3528.84
A03288,"Establishment of 100-Bedded Mother and Child Hospital, Murree (for Conversion into General Hospital)","Infrastructure Development Authority Punjab (IDAP), Specialized Healthcare and Medical Education Department",Health,North Single,01/07/2017,28/06/2026,107,95,4157.51,0,600,3557.51
A57298,Concrete Lining of Irrigation Channels to Improve Water Delivery Performance and Conveyance Efficiency-III,Irrigation,Irrigation,Punjab Based,01/07/2024,06/06/2028,47,11,3995.29,0,400,3595.29
A28453,"Establishment of Teaching Hospital (Sheikh Zayed-II), Rahim Yar Khan ",Infrastructure Development Authority Punjab (IDAP),Specialized Healthcare and Medical Education Department,South Single,01/07/2019,30/06/2026,83,71,7066.9,0,3440,3626.9
A32587,"Design and Construction of Net Zero Energy Building (ACEIP , DLI-8)",Energy Department,Energy Department,North Single,01/07/2020,30/06/2027,83,59,5781.95,0,2085,3696.95
A55681,Punjab Socio Economic Registry (PSER),"Bureau of Statistics Punjab, District Administration, Punjab Information Technology Board (PITB), Punjab Social Protection Authority, Urban Unit","Planning & Development Board, Punjab",Punjab Based,01/07/2024,30/06/2027,35,11,5112.68,0,1357.27,3755.41
A34473,Upgradation of DHQ Hospital District Hafizabad ,Health & Population Department,"Federal Fund, Health & Population Department",North Single,24/03/2021,30/06/2024,39,51,9795.18,0,6013.84,3781.35
A27463,Construction of MPA Hostel Lahore Phase II ,Communication & Works Department,Provincial Assembly,North Single,01/07/2019,30/06/2027,95,71,6296.75,0,2480.68,3816.07
A56177,Rehabilitation / Re-Construction of road from Narowal to Muridke (Length Km No.0.00 to 33.21 = 33.21 Km upto District Boundary) District Narowal,Communication & Works Department,Communication & Works Department,North Single,01/04/2024,30/06/2028,50,14,6151.53,0,2335,3816.53
A57946,Central Punjab Non-Formal Education Project,Literacy & Non Formal Basic Education,Literacy & Non Formal Basic Education,North Single,01/11/2024,31/10/2027,35,7,4757.2,0,911.58,3845.61
A59881,"Rehabilitation / Improvement of Roads, Streets (P.C.C.), Sewerage / Drainage and M&R of Street Lights, Aziz Bhatti Zone MC Lahore",LG&CD Department,LG&CD Department,North Single,01/07/2024,30/06/2026,23,11,3947,0,100,3847
A60025,CM Punjab: Livestock Card,Livestock & Dairy Development Department,Government of Punjab,Punjab Based,01/07/2024,30/06/2026,23,11,4382.08,0,507.64,3874.44
A34384,Construction of South Punjab Secretariat & GOR At Bahawalpur and Multan ,Infrastructure Development Authority Punjab (IDAP),S&GAD SPb,South Single,11/02/2021,30/06/2025,52,52,7407.03,0,3522.37,3884.65
A36267,Establishment of University of Gujranwala,Higher Education Department,Higher Education Department,North Single,22/08/2023,30/06/2026,34,22,5299.71,0,1335.59,3964.12
A58096,"CM Lahore Development Program, Nishter Zone-II.",WASA Lahore,HUD&PHED,North Single,01/07/2024,30/06/2026,23,11,7901,0,3915,3986
A55972,Aquaculture: Shrimp Farming in Punjab.,"Communication & Works Department, Fisheries","Forestry,WildLife,Fisheries",Multiple Region,01/07/2024,29/06/2028,47,11,5010.35,0,896.92,4113.43
A57384,Chief Minister Punjab Free Solar Panel Scheme,Energy Department,Energy Department,Punjab Based,01/07/2024,30/09/2025,14,11,9975.39,0,5772.84,4202.55
A56186,"Rehabilitation / Improvement of Sahiwal – Arifwala - Bahawalnagar Road, (Section District Pakpattan) Length = 40.25 Km in District Pakpattan. ",Communication & Works Department,Communication & Works Department,North Single,01/07/2024,30/06/2027,35,11,7648.03,0,3338,4310.03
A59201,North Punjab Non-Formal Education Project,Literacy & Non Formal Basic Education,Literacy & Non Formal Basic Education,North Single,01/11/2024,31/10/2027,35,7,5299.14,0,972.04,4327.1
A59027,"Reconstruction/ Rehabilitation of GT road from Quaid-e-Azam Interchange (Lahore Ring Road) to Wahga Border, District Lahore",Communication & Works Department,Government of Punjab,North Single,15/08/2024,30/06/2027,34,10,7129.21,0,2800,4329.21
A45184,"Establishment of Mir Chakar Khan Rind University of Technology, Dera Ghazi Khan","Communication & Works Department, Industries, Commerce & Investment","Industries, Commerce & Investment",South Single,01/07/2022,30/06/2026,47,35,4639.23,0,273,4366.23
A58095,"CM Lahore Development Program, Nishter Zone-I.",WASA Lahore,HUD&PHED,North Single,30/09/2024,30/06/2026,21,9,8000,0,3476,4524
A65395,"Specialized Medical Equipment for Jinnah Institute of Cardiology, Lahore",Infrastructure Development Authority Punjab (IDAP),Specialized Healthcare and Medical Education Department,North Single,01/12/2024,17/03/2026,15,6,6889.16,0,2333.6,4555.56
A55619,"Dualization of Faisalabad Chiniot Sargodha road from Kamalpur Interchange to Tehsil chowk Chiniot, District Faisalabad & Chiniot Length 24.00 Km.",Communication & Works Department,Communication & Works Department,North Single,01/03/2024,30/06/2026,27,15,7575.43,0,3000,4575.43
A58091,"CM Lahore Development Program, Ravi Zone-I.",WASA Lahore,HUD&PHED,North Single,30/09/2024,30/06/2026,21,9,7800,0,3147,4653
A35606,"Establishment of Public Financial Management Unit (PFMU), Finance Department & Program Support Unit (PSU) Planning & Development Board under Punjab Resource Improvement and Digital Effectiveness (PRIDE)-TA Component","Finance Department, Planning & Development Board, Punjab","Planning & Development Board, Punjab",Punjab Based,01/07/2021,30/06/2025,47,47,4968.6,4969,253.77,4714.83
A57897,Program for Revamping of BHUs of North and Central Punjab (Phase-II),"Communication & Works Department, Health & Population Department",Health & Population Department,Punjab Based,01/07/2024,30/06/2026,23,11,9594.42,0,4797.21,4797.21
A06822,Upscaling of Green Pakistan Program,"Forestry, Wildlife & Fisheries",Government of Punjab,Punjab Based,01/07/2016,30/06/2028,143,107,13187.63,0,8287.63,4900
A49249,"Construction/ Widening / Improvement of Road from Hafizabad to Gujrat via Head Khanki along L.C.C Mian Canal, Length = 45.00 Km, District Hafizabad & Gujranwala ",Roads,Roads,North Single,21/11/2022,30/06/2026,43,31,8296.55,0,3322.36,4974.2
A59877,"Rehabilitation / Improvement of Roads, Streets (P.C.C.), Sewerage / Drainage and M&R of Street Lights, Nishtar-I Zone MC Lahore",LG&CD Department,LG&CD Department,North Single,01/07/2024,30/06/2026,23,11,8000,0,3000,5000
A56123,Rehabilitatation of road from Bahawalnagar to Head Sulemanki Length: 75.00 Km District Bahawalnagar ,Communication & Works Department,Communication & Works Department,South Single,02/09/2024,30/06/2028,45,9,6781.31,0,1688,5093.31
A29938,Establishment of 200 Bedded Mother & Child Hospital in District Rajanpur,Infrastructure Development Authority Punjab (IDAP),"Federal Fund, Health & Population Department",South Single,15/03/2021,14/03/2024,35,51,9028.75,0,3867.03,5161.72
A36494,"Establishment of 200 Bedded Mother & Child Hospital at Ghalla Godam, Multan","Communication & Works Department, Nishtar Medical University & Allied Hospital, Multan",Specialized Healthcare and Medical Education Department,South Single,07/04/2021,30/06/2026,62,50,8116.78,0,2931.75,5185.03
A25616,Punjab Rozgar,Punjab Small Industries Corporation (PSIC),"Industries, Commerce & Investment",Punjab Based,01/04/2020,29/06/2026,74,62,10000,0,4790.25,5209.75
A04518,Construction of Dadhocha Dam,"Government of The Punjab, Irrigation","Government of Punjab, Planning & Development Board, Punjab",North Single,01/07/2017,18/07/2026,108,95,14454.26,0,9233.83,5220.43
A06350,Southern Punjab Poverty Alleviation Project (SPPAP)-IFAD Assisted,"Planning & Development Board, Punjab","Planning & Development Board, Punjab",Multiple Region,30/09/2011,31/03/2028,198,165,25243.13,22967,20017.55,5225.58
A67015,"Dualization of Road from Toba Tek Singh Interchange (M-4) to Rajana Interchange (M-3), Length=26.44 Km, District T.T.Singh",Communication & Works Department,Communication & Works Department,North Single,10/03/2025,30/06/2028,39,3,7770.95,0,2000,5770.95
A47202,National Health Support Program (NHSP) (TA Component),Health & Population Department,Health & Population Department,Punjab Based,01/07/2022,31/12/2026,53,35,6382.78,6383,534.24,5848.55
A59874,"Rehabilitation / Improvement of Roads, Streets (P.C.C.), Sewerage / Drainage and M&R of Street Lights, Ravi Zone MC Lahore",LG&CD Department,LG&CD Department,North Single,27/11/2024,30/06/2026,19,7,8350,0,2400,5950
A44493,"Strengthening of Punjab Tianjin University of Technology (PTUT), Lahore","Communication & Works Department, Punjab Tianjin University of Technology (PTUT)","Industries, Commerce & Investment",North Single,01/07/2022,29/06/2026,47,35,6281.65,0,293.96,5987.69
A55128,"Integrated Master Planning and Development / Expansion of Data Darbar Complex, Including Traffic Management","Auqaf & Religious Affairs, Communication & Works Department, LDA",Auqaf & Religious Affairs,North Single,31/01/2024,30/06/2027,40,16,6392.8,0,355.95,6036.85
A59195,South Punjab Non-Formal Education Project,Literacy & Non Formal Basic Education,Literacy & Non Formal Basic Education,South Single,01/11/2024,31/10/2027,35,7,7555.29,0,1486.44,6068.85
A55925,"Chief Minister’s ""Plant for Pakistan"" Initiative","Forestry, Transport","Forestry, Government of Punjab",Punjab Based,01/04/2024,30/06/2028,50,14,8000,0,1800,6200
A65099,"Construction of Additional Carriageway (Dehli - Multan Road) from Pull 114/16-R to Pir Murad Morr, Length=50.60KM, District Vehari",Communication & Works Department,Government of Punjab,South Single,31/10/2024,30/06/2028,43,7,8499.48,0,2200,6299.48
A58083,Chief Minister Punjab Kissan Card (2024-25 to 2025-26),Agriculture Department,Agriculture Department,Punjab Based,01/07/2024,30/06/2026,23,11,9000,0,2700,6300
A56176,Rehabilitation of Muridke Narowal road (Section Muridke to District Boundary) Sheikhupura. ,Communication & Works Department,Communication & Works Department,North Single,01/04/2024,30/06/2026,26,14,8698.86,0,2336,6362.86
A35995,Construction of Sorra Dam,Irrigation,Irrigation,South Single,01/07/2021,30/06/2026,59,47,8151.58,0,1392,6759.58
A46296,Construction of Arterial Main Secondary and Distribution Network in the Areas in the Eastern Part of City (Linked with AFD Funded Extension of Water Resources in Faisalabad City Phase-II Project),WASA Faisalabad,HUD&PHED,North Single,14/09/2023,30/06/2028,57,21,8453.61,0,1466.07,6987.54
A58099,"CM Lahore Development Program, Wahga Zone-II.",WASA Lahore,HUD&PHED,North Single,01/07/2024,30/06/2026,23,11,8997.48,0,1700,7297.48
A59882,"Rehabilitation / Improvement of Roads, Streets (P.C.C.), Sewerage / Drainage and M&R of Street Lights, Wahga Zone MC Lahore",LG&CD Department,LG&CD Department,North Single,01/07/2024,30/06/2026,23,11,7560,0,100,7460
A66250,Comprehensive Door-to-Door Socio-Economic Survey of Punjab For Establishing Punjab Socio-Economic Registry (PSER)-PC-II,"Planning & Development Board, Punjab","Planning & Development Board, Punjab",Punjab Based,19/02/2025,02/06/2026,15,4,7774.31,0,158,7616.31
A59157,Establishment of Enforcement Stations of PERA in Punjab (New Construction / Rehabilitation of existing government buildings),Communication & Works Department,S&GAD,Punjab Based,01/07/2024,30/06/2027,35,11,9209.43,0,1000,8209.43
A56174,Rehabilitation of Gujrat Sargodha road Km 27.90 to 122.20 (Dual Carriageway) Length 94.30 Km District M.B.Din,Communication & Works Department,Communication & Works Department,North Single,01/04/2024,30/06/2028,50,14,9802.06,0,1270,8532.06
A65957,Community Empowerment and Strengthening of Healthcare Access through Maryam Nawaz Health Clinic,Health & Population Department,Health & Population Department,Punjab Based,01/02/2025,30/06/2026,16,4,9031.29,0,343.7,8687.59
A58237,Chief Minister’s Program for Solarization of Agricultural Tubewells in Punjab (2024-25 to 2025-26),Energy Department,Agriculture Department,Punjab Based,01/07/2024,30/06/2026,23,11,8826.3,0,70,8756.3
A66061,CM Punjab Asaan Karobar Finance ,Punjab Small Industries Corporation (PSIC),"Industries, Commerce & Investment",Punjab Based,01/01/2025,30/06/2032,89,5,9500,0,550,8950
A59878,"Rehabilitation / Improvement of Roads, Streets (P.C.C.), Sewerage / Drainage and M&R of Street Lights, Allama Iqbal-I Zone MC Lahore",LG&CD Department,LG&CD Department,North Single,01/07/2024,30/06/2026,23,11,9000,0,11.55,8988.45
A66062,CM Punjab Asaan Karobar Card,Punjab Small Industries Corporation (PSIC),"Industries, Commerce & Investment",Punjab Based,01/01/2025,30/06/2030,65,5,9500,0,500,9000
A59746,"Rehabilitation / Improvement of Roads, Streets (P.C.C.), Sewerage / Drainage and M&R of Street Lights, Allama Iqbal-II Zone, MC Lahore",LG&CD Department,LG&CD Department,North Single,01/07/2024,29/06/2026,23,11,9522,0,100,9422
A32737,Punjab Human Capital Investment Project (PHCIP) ,"Primary and Secondary Healthcare Department, Punjab Social Protection Authority, School Education Department","Planning & Development Board, Punjab",Multiple Region,30/04/2020,30/06/2026,74,62,41664,41664,31811,9853
A58266,Apni Chhat Apna Ghar Program,Punjab Housing and Town Planning Agency (PHATA),HUD&PHED,Punjab Based,12/08/2024,31/12/2028,52,10,10000,0,75,9925
A45600,Construction of Rawalpindi Ring Road-R3(38.3 KM) Main Carriageway (MCW) from Banth (N-5) to Thalian (M-2),RDA,HUD&PHED,North Single,08/03/2022,29/06/2026,51,39,32997.05,0,22987.99,10009.07
A04605,Extension of Water Resources Faisalabad City Phase II (French Funded).,WASA Faisalabad,HUD&PHED,North Single,20/09/2021,30/09/2028,84,45,14636.93,11790,4254.5,10382.43
A55616,Rehabilitation of Multan-Vehari Road Length 93.5 Km.,Communication & Works Department,Communication & Works Department,South Single,01/09/2024,30/06/2028,45,9,13000,0,2000,11000
A07608,Construction of Jalalpur Irrigation Project and its System,Irrigation,Irrigation,North Single,01/07/2018,29/06/2026,95,83,32721.46,27972,21350.09,11371.37
A00920,"Sewerage System from Larechs Colony to Gulshan-e-Ravi, Lahore.",WASA Lahore,HUD&PHED,North Single,25/06/2020,30/06/2028,96,60,14165.06,14165,231.91,13933.15
A36137,"Establishment of University of Applied Engineering and Emerging Technologies (UAEET), Sialkot",Infrastructure Development Authority Punjab (IDAP),Higher Education Department,North Single,08/09/2021,30/06/2027,69,45,17685.7,0,3169.79,14515.92
A37474,"Improving Workforce Readiness in Punjab Project (Cost: FEC $100m, Local $10m)",Skill Development & Entrepreneurship Department,Skill Development & Entrepreneurship Department,Punjab Based,13/01/2023,29/12/2028,71,29,23982,21896,6510.31,17471.69
A45331,Punjab Resilient and Inclusive Agriculture Transformation (PRIAT) (2022-23 to 2026-27),Agriculture Department,"Agriculture Department, Government of Punjab",Punjab Based,01/07/2022,30/06/2027,59,35,54935.56,45864,37250.32,17685.24
A57924,CM Punjab Laptop Program ,Punjab Information Technology Board (PITB),Higher Education Department,Punjab Based,01/07/2024,30/06/2026,23,11,27000,0,8042,18958
A25292,Lahore Water and Waste Water Management Project - Construction of Surface Water Treatment Plant at BRBD Canal Lahore.,WASA Lahore,HUD&PHED,North Single,15/09/2018,30/06/2028,117,81,21045.71,21046,119.35,20926.37
A04013,Punjab Intermediate Cities Improvement Investment Prgramme,LG&CD Department,Government of Punjab,North Single,01/07/2016,25/06/2026,119,107,62280.9,49302,37361,24919.9
A43417,Punjab Urban Land Systems Enhancements (PULSE),"BOR, Punjab Land Records Authority (PLRA)",World Bank,Punjab Based,01/07/2022,30/06/2027,59,35,26440.7,26441,1479.67,24961.03
A55791,"Establishment of Nawaz Sharif Institute of Cancer Treatment and Research, Lahore ",Infrastructure Development Authority Punjab (IDAP),Specialized Healthcare and Medical Education Department,North Single,01/07/2024,28/02/2027,31,11,52772.52,0,14250.8,38521.72
A28611,Construction of Eastern Wastewater Treatment Plant 33 MGD of Faisalabad City Phase-I (DANIDA Assisted).,WASA Faisalabad,HUD&PHED,North Single,28/07/2020,31/08/2030,121,59,56036.79,53221,366.29,55670.5
A36262,Punjab Rural Sustainable Water Supply and Sanitation Project,LG&CD Department,LG&CD Department,Punjab Based,01/07/2021,30/06/2028,83,47,96202,76962,39125,57077
A55881,Developing Resilient Environment and Advancing Municipal Services (DREAMS-I),LG&CD Department,Asian Development Bank (ADB),Multiple Region,01/07/2024,28/06/2028,47,11,64480.71,51585,5783,58697.71
A37208,Implementation of Universal Health Coverage under Health Insurance Program in Punjab ,"Punjab Health Initiative Management Company (PHIMC), Specialized Healthcare and Medical Education Department",Specialized Healthcare and Medical Education Department,Punjab Based,01/07/2021,30/06/2026,59,47,332845,0,200499,132346
